cr,keyword,fuente,fecha_añadido
2.1,filtro de aire,cliente,2025-01-01
2.1,kit admisión,cliente,2025-01-01
2.1,cold air intake,cliente,2025-01-01
2.1,snorkel,cliente,2025-01-01
2.1,intercooler,cliente,2025-01-01
2.4,motor eléctrico,cliente,2025-01-01
2.4,conversión eléctrica,cliente,2025-01-01
2.4,retrofitting eléctrico,cliente,2025-01-01
2.5,cambio ubicación motor,cliente,2025-01-01
2.5,motor trasero,cliente,2025-01-01
1.1,bastidor,cliente,2025-01-01
1.1,chasis,cliente,2025-01-01
1.1,estructura portante,cliente,2025-01-01
1.3,placa matrícula,cliente,2025-01-01
1.3,cambio matrícula,cliente,2025-01-01
11.5,vehículo deportivo,cliente,2025-01-01
11.5,coche de competición,cliente,2025-01-01
11.5,uso en circuito,cliente,2025-01-01
